/*chercheur*/
INSERT INTO chercheur VALUES (1, 'Dupont', 'Marie', 'marie.dupont@labobio.fr', 'Biologie Moléculaire');
INSERT INTO chercheur VALUES (2, 'Leroy', 'Pierre', 'pierre.leroy@labobio.fr', 'Biologie Cellulaire');
INSERT INTO chercheur VALUES (3, 'Martin', 'Sophie', 'sophie.martin@labobio.fr', 'Génétique');
INSERT INTO chercheur VALUES (4, 'Lambert', 'Thomas', 'thomas.lambert@labobio.fr', 'Biologie Marine');
INSERT INTO chercheur VALUES (5, 'Robert', 'Laura', 'laura.robert@labobio.fr', 'Physiologie');
INSERT INTO chercheur VALUES (6, 'Blanc', 'Julien', 'julien.blanc@labobio.fr', 'Biologie Végétale');
INSERT INTO chercheur VALUES (7, 'Roux', 'Léa', 'lea.roux@labobio.fr', 'Microbiologie');
INSERT INTO chercheur VALUES (8, 'Lefevre', 'Paul', 'paul.lefevre@labobio.fr', 'Écologie');
INSERT INTO chercheur VALUES (9, 'Petit', 'Emma', 'emma.petit@labobio.fr', 'Biochimie');
INSERT INTO chercheur VALUES (10, 'Moreau', 'Lucas', 'lucas.moreau@labobio.fr', 'Neurobiologie');
INSERT INTO chercheur VALUES (11, 'Andre', 'Manon', 'manon.andre@labobio.fr', 'Immunologie');
INSERT INTO chercheur VALUES (12, 'Dubois', 'Hugo', 'hugo.dubois@labobio.fr', 'Biologie Animale');
INSERT INTO chercheur VALUES (13, 'Lemoine', 'Inès', 'ines.lemoine@labobio.fr', 'Biologie Moléculaire');
INSERT INTO chercheur VALUES (14, 'Girard', 'Nathan', 'nathan.girard@labobio.fr', 'Physiologie');
INSERT INTO chercheur VALUES (15, 'Paris', 'Chloe', 'chloe.paris@labobio.fr', 'Biologie Marine');
INSERT INTO chercheur VALUES (16, 'Laurent', 'Axel', 'axel.laurent@labobio.fr', 'Biologie Végétale');
INSERT INTO chercheur VALUES (17, 'Roy', 'Sarah', 'sarah.roy@labobio.fr', 'Microbiologie');
INSERT INTO chercheur VALUES (18, 'LeBerger', 'Mathis', 'mathis.leberger@labobio.fr', 'Biologie Animale');
INSERT INTO chercheur VALUES (19, 'Legrand', 'Eva', 'eva.legrand@labobio.fr', 'Biochimie');
INSERT INTO chercheur VALUES (20, 'Leroux', 'Yanis', 'yanis.leroux@labobio.fr', 'Écologie');
INSERT INTO chercheur VALUES (21, 'Fournier', 'Lucie', 'lucie.fournier@labobio.fr', 'Biologie Moléculaire');
INSERT INTO chercheur VALUES (22, 'Lefort', 'Antoine', 'antoine.lefort@labobio.fr', 'Biologie Cellulaire');
INSERT INTO chercheur VALUES (23, 'Bertrand', 'Mia', 'mia.bertrand@labobio.fr', 'Génétique');
INSERT INTO chercheur VALUES (24, 'Giraud', 'Emma', 'emma.giraud@labobio.fr', 'Immunologie');
INSERT INTO chercheur VALUES (25, 'Marchand', 'Hugo', 'hugo.marchand@labobio.fr', 'Biologie Animale');
INSERT INTO chercheur VALUES (26, 'Picard', 'Léa', 'lea.picard@labobio.fr', 'Biochimie');
INSERT INTO chercheur VALUES (27, 'Renard', 'Paul', 'paul.renard@labobio.fr', 'Écologie');
INSERT INTO chercheur VALUES (28, 'Berger', 'Emma', 'emma.berger@labobio.fr', 'Biologie Moléculaire');
INSERT INTO chercheur VALUES (29, 'Collet', 'Lucas', 'lucas.collet@labobio.fr', 'Physiologie');
INSERT INTO chercheur VALUES (30, 'Roussel', 'Zoé', 'zoe.roussel@labobio.fr', 'Biologie Marine');
INSERT INTO chercheur VALUES (31, 'Caron', 'Louis', 'louis.caron@labobio.fr', 'Biologie Végétale');
INSERT INTO chercheur VALUES (32, 'Lefevre', 'Camille', 'camille.lefevre@labobio.fr', 'Microbiologie');
INSERT INTO chercheur VALUES (33, 'Lemoine', 'Hugo', 'hugo.lemoine@labobio.fr', 'Neurobiologie');
INSERT INTO chercheur VALUES (34, 'Martinez', 'Eva', 'eva.martinez@labobio.fr', 'Immunologie');
INSERT INTO chercheur VALUES (35, 'Lefevre', 'Antoine', 'antoine.lefevre@labobio.fr', 'Biologie Animale');
INSERT INTO chercheur VALUES (36, 'Bertrand', 'Léa', 'lea.bertrand@labobio.fr', 'Biochimie');
INSERT INTO chercheur VALUES (37, 'Leroux', 'Paul', 'paul.leroux@labobio.fr', 'Écologie');
INSERT INTO chercheur VALUES (38, 'Dupuis', 'Emma', 'emma.dupuis@labobio.fr', 'Biologie Moléculaire');
INSERT INTO chercheur VALUES (39, 'Lemoine', 'Nathan', 'nathan.lemoine@labobio.fr', 'Physiologie');
INSERT INTO chercheur VALUES (40, 'Girard', 'Chloe', 'chloe.girard@labobio.fr', 'Biologie Marine');
INSERT INTO chercheur VALUES (41, 'Leclerc', 'Axel', 'axel.leclerc@labobio.fr', 'Biologie Végétale');
INSERT INTO chercheur VALUES (42, 'Louis', 'Sarah', 'sarah.louis@labobio.fr', 'Microbiologie');
INSERT INTO chercheur VALUES (43, 'Gauthier', 'Mathis', 'mathis.gauthier@labobio.fr', 'Biologie Animale');

/*Stagiaire*/
INSERT INTO stagiaire VALUES (1, 'Leclerc', 'Lucie', 'lucie.leclerc@u-psud.fr', 'Université Paris-Sud', 'Biologie Moléculaire');
INSERT INTO stagiaire VALUES (2, 'Roux', 'Alex', 'alex.roux@univ-lyon.fr', 'Université de Lyon', 'Biologie Cellulaire');
INSERT INTO stagiaire VALUES (3, 'Fournier', 'Eva', 'eva.fournier@unistra.fr', 'Université de Strasbourg', 'Génétique');
INSERT INTO stagiaire VALUES (4, 'Girard', 'Hugo', 'hugo.girard@univ-lille.fr', 'Université de Lille', 'Biologie Marine');
INSERT INTO stagiaire VALUES (5, 'Lefevre', 'Léa', 'lea.lefevre@sorbonne-universite.fr', 'Sorbonne Université', 'Physiologie');
INSERT INTO stagiaire VALUES (6, 'Martinez', 'Emma', 'emma.martinez@univ-nantes.fr', 'Université de Nantes', 'Biologie Végétale');
INSERT INTO stagiaire VALUES (7, 'Leroux', 'Antoine', 'antoine.leroux@u-bordeaux.fr', 'Université de Bordeaux', 'Microbiologie');
INSERT INTO stagiaire VALUES (8, 'Bertrand', 'Chloe', 'chloe.bertrand@univ-grenoble-alpes.fr', 'Université Grenoble Alpes', 'Biologie Animale');
INSERT INTO stagiaire VALUES (9, 'Dupont', 'Mathis', 'mathis.dupont@umontpellier.fr', 'Université de Montpellier', 'Biochimie');
INSERT INTO stagiaire VALUES (10, 'Lemoine', 'Paul', 'paul.lemoine@univ-rennes1.fr', 'Université de Rennes 1', 'Écologie');
INSERT INTO stagiaire VALUES (11, 'Gauthier', 'Eva', 'eva.gauthier@univ-amu.fr', 'Aix-Marseille Université', 'Biologie Moléculaire');
INSERT INTO stagiaire VALUES (12, 'Roy', 'Nathan', 'nathan.roy@ut3.fr', 'Université Toulouse III - Paul Sabatier', 'Physiologie');
INSERT INTO stagiaire VALUES (13, 'Martin', 'Emma', 'emma.martin@u-psud.fr', 'Université Paris-Sud', 'Biologie Moléculaire');
INSERT INTO stagiaire VALUES (14, 'Dubois', 'Hugo', 'hugo.dubois@univ-lyon.fr', 'Université de Lyon', 'Biologie Cellulaire');
INSERT INTO stagiaire VALUES (15, 'Moreau', 'Lucas', 'lucas.moreau@unistra.fr', 'Université de Strasbourg', 'Génétique');
INSERT INTO stagiaire VALUES (16, 'Lefort', 'Inès', 'ines.lefort@univ-lille.fr', 'Université de Lille', 'Biologie Marine');
INSERT INTO stagiaire VALUES (17, 'Blanc', 'Yanis', 'yanis.blanc@sorbonne-universite.fr', 'Sorbonne Université', 'Physiologie');
INSERT INTO stagiaire VALUES (18, 'Petit', 'Chloe', 'chloe.petit@univ-nantes.fr', 'Université de Nantes', 'Biologie Végétale');
INSERT INTO stagiaire VALUES (19, 'Roux', 'Axel', 'axel.roux@u-bordeaux.fr', 'Université de Bordeaux', 'Microbiologie');
INSERT INTO stagiaire VALUES (20, 'Leroux', 'Sarah', 'sarah.leroux@univ-grenoble-alpes.fr', 'Université Grenoble Alpes', 'Biologie Animale');
INSERT INTO stagiaire VALUES (21, 'Girard', 'Mathis', 'mathis.girard@umontpellier.fr', 'Université de Montpellier', 'Biochimie');
INSERT INTO stagiaire VALUES (22, 'Martin', 'Eva', 'eva.martin@univ-rennes1.fr', 'Université de Rennes 1', 'Écologie');
INSERT INTO stagiaire VALUES (23, 'Leclerc', 'Yanis', 'yanis.leclerc@univ-amu.fr', 'Aix-Marseille Université', 'Biologie Moléculaire');
INSERT INTO stagiaire VALUES (24, 'Lefevre', 'Lucie', 'lucie.lefevre@ut3.fr', 'Université Toulouse III - Paul Sabatier', 'Physiologie');
INSERT INTO stagiaire VALUES (25, 'Gauthier', 'Alex', 'alex.gauthier@u-psud.fr', 'Université Paris-Sud', 'Biologie Moléculaire');
INSERT INTO stagiaire VALUES (26, 'Roy', 'Eva', 'eva.roy@univ-lyon.fr', 'Université de Lyon', 'Biologie Cellulaire');
INSERT INTO stagiaire VALUES (27, 'Martinez', 'Hugo', 'hugo.martinez@unistra.fr', 'Université de Strasbourg', 'Génétique');
INSERT INTO stagiaire VALUES (28, 'Dubois', 'Léa', 'lea.dubois@univ-lille.fr', 'Université de Lille', 'Biochimie');
INSERT INTO stagiaire VALUES (29, 'Mohammed', 'Ahmed', 'ahmed.mohammed@u-psud.fr', 'Université Paris-Sud', 'Biologie Moléculaire');
INSERT INTO stagiaire VALUES (30, 'Abdullah', 'Fatima', 'fatima.abdullah@univ-lyon.fr', 'Université de Lyon', 'Biologie Cellulaire');
INSERT INTO stagiaire VALUES (31, 'Ali', 'Aisha', 'aisha.ali@unistra.fr', 'Université de Strasbourg', 'Génétique');
INSERT INTO stagiaire VALUES (32, 'Omar', 'Lina', 'lina.omar@univ-lille.fr', 'Université de Lille', 'Biologie Marine');
INSERT INTO stagiaire VALUES (33, 'Youssef', 'Sarah', 'sarah.youssef@sorbonne-universite.fr', 'Sorbonne Université', 'Physiologie');


/*Projet*/
INSERT INTO projet (projetID, nom_projet, description, date_debut, date_fin)  values (1, 'Exploration of RNA Editing Mechanisms', 'Biologie Moléculaire', '15-feb-2019', '20-may-2020');
INSERT INTO projet (projetID, nom_projet, description, date_debut, date_fin)  values (2, 'Viral Diseases and Immune Responses', 'Immunologie', '01-may-2019', '10-jun-2021');
INSERT INTO projet (projetID, nom_projet, description, date_debut, date_fin)  values (3, 'Single-Cell Omics in Disease Research', 'Génétique', '25-aug-2019', '30-mar-2022');
INSERT INTO projet (projetID, nom_projet, description, date_debut, date_fin)  values (4, 'Memory and Learning Mechanisms in Neurobiology', 'Neurobiologie', '10-nov-2019', '15-aug-2021');
INSERT INTO projet (projetID, nom_projet, description, date_debut, date_fin)  values (5, 'Genetic Engineering for Sustainable Agriculture', 'Génétique', '28-feb-2020', '15-dec-2021');
INSERT INTO projet (projetID, nom_projet, description, date_debut, date_fin)  values (6, 'Immunotherapy Development for Autoimmune Diseases', 'Immunologie', '15-may-2020', '22-jul-2022');
INSERT INTO projet (projetID, nom_projet, description, date_debut, date_fin)  values (7, 'Quantum Biology Applications in Medicine', 'Biologie Moléculaire', '28-aug-2020', '18-jan-2023');
INSERT INTO projet (projetID, nom_projet, description, date_debut, date_fin)  values (8, 'Functional Genomics for Cancer Therapeutics', 'Génétique', '12-nov-2020', '30-sep-2022');
INSERT INTO projet (projetID, nom_projet, description, date_debut, date_fin)  values (9, 'Ecological Impact of Coral Reef Conservation', 'Écologie', '20-apr-2021', '28-jun-2023');
INSERT INTO projet (projetID, nom_projet, description, date_debut, date_fin)  values (10, 'Neurodegeneration Studies for Disease Prevention', 'Neurobiologie', '05-jul-2021', '02-dec-2022');
INSERT INTO projet (projetID, nom_projet, description, date_debut, date_fin)  values (11, 'Plant Metabolic Engineering for Crop Improvement', 'Biologie Végétale', '18-oct-2021', '20-feb-2023');
INSERT INTO projet (projetID, nom_projet, description, date_debut, date_fin)  values (12, 'Microbial Symbiosis in Human Health', 'Microbiologie', '30-jan-2022', '15-apr-2023');
INSERT INTO projet (projetID, nom_projet, description, date_debut, date_fin)  values (13, 'Structural Biology of Membrane Proteins', 'Biologie Moléculaire', '15-apr-2022', '10-jan-2024');
INSERT INTO projet (projetID, nom_projet, description, date_debut, date_fin)  values (14, 'Microbiome Influence on Human Health', 'Microbiologie', '28-jul-2022', '28-nov-2023');
INSERT INTO projet (projetID, nom_projet, description, date_debut, date_fin)  values (15, 'Gene Therapy for Genetic Disorders', 'Génétique', '10-oct-2022', '18-mar-2024');
INSERT INTO projet (projetID, nom_projet, description, date_debut, date_fin)  values (16, 'Stem Cell Therapy for Regenerative Medicine', 'Biologie Moléculaire', '25-jan-2023', '28-jan-2025');
INSERT INTO projet (projetID, nom_projet, description, date_debut, date_fin)  values (17, 'Ecological Impact of Invasive Species', 'Écologie', '12-jun-2013', '15-mar-2015');
INSERT INTO projet (projetID, nom_projet, description, date_debut, date_fin)  values (18, 'Neuroimmunology and Nervous System Disorders', 'Neurobiologie', '28-sep-2013', '22-feb-2016');
INSERT INTO projet (projetID, nom_projet, description, date_debut, date_fin)  values (19, 'Genomic Instability and Cancer Progression', 'Génétique', '15-dec-2013', '10-jun-2016');
INSERT INTO projet (projetID, nom_projet, description, date_debut, date_fin)  values (20, 'CRISPR Applications in Genome Editing', 'Génétique', '02-may-2014', '28-aug-2016');
INSERT INTO projet (projetID, nom_projet, description, date_debut, date_fin)  values (21, 'NanoBioTech', 'Nanotechnologie', '01-feb-2019', '01-aug-2022');
INSERT INTO projet (projetID, nom_projet, description, date_debut, date_fin)  values (22, 'ImmunoTherapy', 'Immunologie', '18-mar-2020', '18-sep-2023');
INSERT INTO projet (projetID, nom_projet, description, date_debut, date_fin)  values (23, 'EpiGeneticsLab', 'Épigénétique', '23-apr-2021', '23-oct-2024');
INSERT INTO projet (projetID, nom_projet, description, date_debut, date_fin)  values (24, 'BioEnergySolutions', 'Biologie Moléculaire', '28-may-2018', '28-nov-2021');
INSERT INTO projet (projetID, nom_projet, description, date_debut, date_fin)  values (25, 'NeuroCognition', 'Neurosciences', '12-jun-2020', '12-dec-2023');
INSERT INTO projet (projetID, nom_projet, description, date_debut, date_fin)  values (26, 'EcoImpact', 'Écologie', '27-jul-2017', '27-jan-2020');
INSERT INTO projet (projetID, nom_projet, description, date_debut, date_fin)  values (27, 'SyntheticBio', 'Biotechnologie', '11-aug-2019', '11-feb-2022');
INSERT INTO projet (projetID, nom_projet, description, date_debut, date_fin)  values (28, 'PlantGenomeProject', 'Biologie Végétale', '26-sep-2020', '26-mar-2023');
INSERT INTO projet (projetID, nom_projet, description, date_debut, date_fin)  values (29, 'MicrobeResearch', 'Microbiologie', '31-oct-2021', '30-apr-2024');
INSERT INTO projet (projetID, nom_projet, description, date_debut, date_fin)  values (30, 'CellTherapyAdvancements', 'Biologie Cellulaire', '15-dec-2018', '15-jun-2022');
INSERT INTO projet (projetID, nom_projet, description, date_debut, date_fin)  values (31, 'EcoResilience', 'Écologie', '30-jan-2019', '30-jul-2022');
INSERT INTO projet (projetID, nom_projet, description, date_debut, date_fin)  values (32, 'HumanGenomeMapping', 'Génétique', '15-mar-2021', '15-sep-2023');
INSERT INTO projet (projetID, nom_projet, description, date_debut, date_fin)  values (33, 'NeuroInnovations', 'Neurosciences', '20-apr-2018', '20-oct-2021');
INSERT INTO projet (projetID, nom_projet, description, date_debut, date_fin)  values (34, 'BioNanoMaterials', 'Nanotechnologie', '05-may-2020', '05-nov-2023');
INSERT INTO projet (projetID, nom_projet, description, date_debut, date_fin)  values (35, 'ImmunoDiagnostics', 'Immunologie', '20-jun-2017', '20-dec-2020');
INSERT INTO projet (projetID, nom_projet, description, date_debut, date_fin)  values (36, 'EcoConservation', 'Écologie', '05-jul-2019', '05-jan-2022');
INSERT INTO projet (projetID, nom_projet, description, date_debut, date_fin)  values (37, 'SyntheticBiologyApplications', 'Biotechnologie', '20-aug-2021', '20-feb-2024');
INSERT INTO projet (projetID, nom_projet, description, date_debut, date_fin)  values (38, 'PlantEcophysiology', 'Biologie Végétale', '04-sep-2018', '04-mar-2021');
INSERT INTO projet (projetID, nom_projet, description, date_debut, date_fin)  values (39, 'MicrobeEcologyStudy', 'Microbiologie', '19-oct-2020', '19-apr-2024');
INSERT INTO projet (projetID, nom_projet, description, date_debut, date_fin)  values (40, 'CellRegenerationResearch', 'Biologie Cellulaire', '03-nov-2017', '03-may-2021');
INSERT INTO projet (projetID, nom_projet, description, date_debut, date_fin)  values (41, 'Marine Ecosystem Conservation', 'Biologie Marine', '15-may-2023', '15-oct-2024');
INSERT INTO projet (projetID, nom_projet, description, date_debut, date_fin)  values (42, 'Deep-Sea Biodiversity Exploration', 'Biologie Marine', '01-aug-2023', '01-feb-2025');

/*Encadre*/
/* Bio mol */
INSERT INTO encadre ( stagiaireID, chercheurID, projetID, date_debut, date_fin)VALUES (1, 1, 7, '15-dec-2020', '18-jan-2021');
INSERT INTO encadre ( stagiaireID, chercheurID, projetID, date_debut, date_fin)VALUES (11, 13, 24, '20-jun-2019', '01-sep-2019');
INSERT INTO encadre ( stagiaireID, chercheurID, projetID, date_debut, date_fin)VALUES (13, 21, 7, '28-jan-2021', '28-jun-2021');
INSERT INTO encadre ( stagiaireID, chercheurID, projetID, date_debut, date_fin)VALUES (23, 28, 16, '25-jan-2023', '28-may-2023');
INSERT INTO encadre ( stagiaireID, chercheurID, projetID, date_debut, date_fin)VALUES (25, 38, 24, '25-apr-2020', '28-jul-2020');
INSERT INTO encadre ( stagiaireID, chercheurID, projetID, date_debut, date_fin)VALUES (29, 1, 1, '15-dec-2019', '20-may-2020');
INSERT INTO encadre ( stagiaireID, chercheurID, projetID, date_debut, date_fin)VALUES (1, 13, 16, '15-dec-2023', '30-mar-2024');
INSERT INTO encadre ( stagiaireID, chercheurID, projetID, date_debut, date_fin)VALUES (23, 21, 24, '28-jul-2018', '28-sep-2018');
INSERT INTO encadre ( stagiaireID, chercheurID, projetID, date_debut, date_fin)VALUES (21, 9, 13, '15-jul-2022', '10-oct-2022');
INSERT INTO encadre ( stagiaireID, chercheurID, projetID, date_debut, date_fin)VALUES (28, 21, 13, '15-apr-2023', '10-jul-2023');
INSERT INTO encadre ( stagiaireID, chercheurID, projetID, date_debut, date_fin)VALUES (9, 36, 1, '15-jan-2020', '10-apr-2020');
/* Génétique */
INSERT INTO encadre ( stagiaireID, chercheurID, projetID, date_debut, date_fin)VALUES (15, 3, 3, '25-dec-2019', '30-apr-2020');
INSERT INTO encadre ( stagiaireID, chercheurID, projetID, date_debut, date_fin)VALUES (3, 6, 5, '28-feb-2021', '15-nov-2021');
INSERT INTO encadre ( stagiaireID, chercheurID, projetID, date_debut, date_fin)VALUES (27, 3, 8, '12-nov-2021', '30-sep-2022');
INSERT INTO encadre ( stagiaireID, chercheurID, projetID, date_debut, date_fin)VALUES (31, 3, 15, '30-may-2023', '30-aug-2023');
/* Végétale */
INSERT INTO encadre ( stagiaireID, chercheurID, projetID, date_debut, date_fin)VALUES (18, 6, 11, '18-jan-2022', '20-jan-2023');
INSERT INTO encadre ( stagiaireID, chercheurID, projetID, date_debut, date_fin)VALUES (6, 31, 11, '18-oct-2021', '20-feb-2022');
INSERT INTO encadre ( stagiaireID, chercheurID, projetID, date_debut, date_fin)VALUES (16, 31, 28, '26-sep-2021', '26-mar-2022');
/* Marine */
INSERT INTO encadre ( stagiaireID, chercheurID, projetID, date_debut, date_fin)VALUES (16, 4, 41, '15-jun-2023', '25-aug-2023');
INSERT INTO encadre ( stagiaireID, chercheurID, projetID, date_debut, date_fin)VALUES (4, 15, 41, '15-oct-2023', '31-dec-2023');
INSERT INTO encadre ( stagiaireID, chercheurID, projetID, date_debut, date_fin)VALUES (16, 4, 42, '01-aug-2024', '01-feb-2025');
INSERT INTO encadre ( stagiaireID, chercheurID, projetID, date_debut, date_fin)VALUES (32, 15, 42, '01-aug-2024', '01-feb-2025');
/* Cellulaire */
INSERT INTO encadre ( stagiaireID, chercheurID, projetID, date_debut, date_fin)VALUES (2, 22, 30, '15-dec-2020', '15-jun-2021');
INSERT INTO encadre ( stagiaireID, chercheurID, projetID, date_debut, date_fin)VALUES (27, 19, 30, '15-dec-2019', '15-aug-2020');
INSERT INTO encadre ( stagiaireID, chercheurID, projetID, date_debut, date_fin)VALUES (14, 22, 40, '03-dec-2017', '03-may-2018');
INSERT INTO encadre ( stagiaireID, chercheurID, projetID, date_debut, date_fin)VALUES (30, 1, 40, '03-jun-2020', '03-may-2021');
INSERT INTO encadre ( stagiaireID, chercheurID, projetID, date_debut, date_fin)VALUES (33, 2, 30, '15-nov-2020', '20-jun-2021');
/* Écologie */
INSERT INTO encadre ( stagiaireID, chercheurID, projetID, date_debut, date_fin)VALUES (10, 8, 9, '20-apr-2022', '28-aug-2022');
INSERT INTO encadre ( stagiaireID, chercheurID, projetID, date_debut, date_fin)VALUES (22, 8, 26, '27-sep-2017', '27-dec-2017');
/* Neurobio */
INSERT INTO encadre ( stagiaireID, chercheurID, projetID, date_debut, date_fin)VALUES (8, 10, 4, '10-nov-2020', '15-aug-2021');
INSERT INTO encadre ( stagiaireID, chercheurID, projetID, date_debut, date_fin)VALUES (20, 33, 10, '05-jul-2022', '02-dec-2022');
INSERT INTO encadre ( stagiaireID, chercheurID, projetID, date_debut, date_fin)VALUES (26, 34, 18, '28-sep-2014', '22-feb-2015');
/* Immuno */
INSERT INTO encadre ( stagiaireID, chercheurID, projetID, date_debut, date_fin)VALUES (5, 11, 2, '01-jul-2020', '10-aug-2020');
INSERT INTO encadre ( stagiaireID, chercheurID, projetID, date_debut, date_fin)VALUES (12, 11, 6, '15-may-2021', '22-oct-2021');
INSERT INTO encadre ( stagiaireID, chercheurID, projetID, date_debut, date_fin)VALUES (17, 34, 22, '18-jun-2020', '18-sep-2020');
INSERT INTO encadre ( stagiaireID, chercheurID, projetID, date_debut, date_fin)VALUES (24, 24, 22, '18-mar-2022', '30-aug-2022');
INSERT INTO encadre ( stagiaireID, chercheurID, projetID, date_debut, date_fin)VALUES (30, 34, 35, '20-oct-2017', '20-jan-2018');
/* Microbiologie */
INSERT INTO encadre ( stagiaireID, chercheurID, projetID, date_debut, date_fin)VALUES (19, 7, 12, '30-mar-2022', '15-aug-2022');
INSERT INTO encadre ( stagiaireID, chercheurID, projetID, date_debut, date_fin)VALUES (7, 17, 12, '26-nov-2022', '15-apr-2023');
INSERT INTO encadre ( stagiaireID, chercheurID, projetID, date_debut, date_fin)VALUES (19, 42, 12, '30-jan-2023', '01-apr-2023');


/*Article*/
INSERT INTO article VALUES (1, 'RNA Editing: Mechanisms and Implications', 'Nature Reviews Genetics', '10-sep-2019', 'États-Unis', 1);
INSERT INTO article VALUES (2, 'Biological Insights into RNA Editing', 'Science', '25-apr-2020', 'Canada', 1);
INSERT INTO article VALUES (3, 'Emerging Viral Diseases: Mechanisms and Therapies', 'Nature Reviews Microbiology', '15-dec-2019', 'États-Unis', 2);
INSERT INTO article VALUES (4, 'Host Immune Responses to Viral Infections', 'Trends in Immunology', '25-jun-2020', 'Canada', 2);
INSERT INTO article VALUES (5, 'Viral Diseases: Challenges in Immune Modulation', 'Science', '15-may-2021', 'France', 2);
INSERT INTO article VALUES (6, 'Advancements in Single-Cell Sequencing Technologies', 'Nature Methods', '25-apr-2021', 'États-Unis', Null);
INSERT INTO article VALUES (7, 'Single-Cell Omics: Applications in Disease Diagnosis', 'Annual Review of Genomics and Human Genetics', '29-mar-2022', 'Canada', Null);
INSERT INTO article VALUES (8, 'Neurobiological Mechanisms of Memory Formation', 'Nature Neuroscience', '10-may-2020', 'États-Unis', 4);
INSERT INTO article VALUES (9, 'Learning and Plasticity in the Brain', 'Science', '28-dec-2020', 'Canada', 4);
INSERT INTO article VALUES (10, 'Neurobiology of Cognitive Function', 'Annual Review of Psychology', '15-aug-2021', 'France', 4);
INSERT INTO article VALUES (11, 'Advances in Crop Engineering for Sustainability', 'Nature Biotechnology', '01-mar-2021', 'États-Unis', 5);
INSERT INTO article VALUES (12, 'Environmental Impact of Genetically Modified Crops', 'Environmental Science & Technology', '20-jun-2021', 'Canada', 5);
INSERT INTO article VALUES (13, 'Breakthroughs in Autoimmune Disease Immunotherapy', 'Nature Reviews Immunology', '15-sep-2021', 'France', 6);
INSERT INTO article VALUES (14, 'Clinical Trials in Immunotherapy for Autoimmune Disorders', 'The Lancet Rheumatology', '10-jan-2022', 'Espagne', 6);
INSERT INTO article VALUES (15, 'Applications of Quantum Biology in Medical Imaging', 'Science Advances', '01-apr-2022', 'Allemagne', 7);
INSERT INTO article VALUES (16, 'Quantum Computing for Drug Discovery', 'Nature Reviews Drug Discovery', '20-jul-2022', 'États-Unis', 7);
INSERT INTO article VALUES (17, 'Genomic Approaches to Cancer Therapy', 'Nature Reviews Cancer', '15-oct-2022', 'Canada', 8);
INSERT INTO article VALUES (18, 'Functional Genomics in Precision Oncology', 'Trends in Cancer', '28-jan-2023', 'France', 8);
INSERT INTO article VALUES (19, 'Biodiversity Conservation in Coral Reefs', 'Ecology Letters', '10-apr-2023', 'Australie', 9);
INSERT INTO article VALUES (20, 'Preventive Approaches in Neurodegeneration', 'Nature Reviews Neuroscience', '05-jul-2023', 'Canada', 10);
INSERT INTO article VALUES (21, 'Metabolic Pathways in Engineered Crops', 'Trends in Plant Science', '18-oct-2023', 'France', 11);
INSERT INTO article VALUES (22, 'Human Health Impacts of Microbial Symbiosis', 'Nature Reviews Microbiology', '30-jan-2024', 'Allemagne', 12);
INSERT INTO article VALUES (24, 'Invasive Species and Ecosystem Dynamics', 'Annual Review of Ecology, Evolution, and Systematics', '01-sep-2015', 'France', 17);
INSERT INTO article VALUES (25, 'Neuroimmunological Insights', 'Nature Reviews Neuroscience', '01-feb-2016', 'Allemagne', 18);
INSERT INTO article VALUES (26, 'Genomic Instability in Cancer', 'Nature Reviews Genetics', '01-may-2016', 'Espagne', 19);
INSERT INTO article VALUES (27, 'Genome Editing with CRISPR', 'Trends in Biotechnology', '15-aug-2016', 'Canada', 20);
INSERT INTO article VALUES (28, 'CRISPR-Cas9: Unleashing Genome Editing Potential', 'Nature Reviews Genetics', '01-nov-2016', 'Allemagne', 20);
INSERT INTO article VALUES (29, 'Nanotechnology in Biomedical Applications', 'Science', '01-sep-2022', 'États-Unis', 21);
INSERT INTO article VALUES (30, 'Immunotherapy Breakthroughs', 'Nature Reviews Immunology', '15-nov-2022', 'France', 22);
INSERT INTO article VALUES (31, 'Bioenergy Solutions for a Sustainable Future', 'Biotechnology for Biofuels', '15-aug-2019', 'Canada', 24);
INSERT INTO article VALUES (32, 'Neurocognitive Processes in Learning', 'Trends in Cognitive Sciences', '01-jan-2020', 'France', 25);
INSERT INTO article VALUES (33, 'EcoImpact: Assessing Environmental Consequences', 'Ecology', '01-feb-2018', 'Australie', 26);
INSERT INTO article VALUES (34, 'Advancements in Synthetic Biology', 'Trends in Biotechnology', '15-feb-2021', 'Japon', 27);
INSERT INTO article VALUES (35, 'Plant Genome Project: Decoding Plant DNA', 'Nature Plants', '10-may-2022', 'France', 28);
INSERT INTO article VALUES (36, 'Microbe Research: Unraveling Microbial Mysteries', 'Nature Reviews Microbiology', '01-mar-2023', 'Allemagne', 29);
INSERT INTO article VALUES (37, 'EcoResilience: Adapting to Environmental Changes', 'Ecology Letters', '10-jun-2020', 'États-Unis', 31);
INSERT INTO article VALUES (38, 'Advancements in Human Genome Mapping', 'Nature Reviews Genetics', '28-sep-2020', 'France', 32);
INSERT INTO article VALUES (39, 'NeuroInnovations: Novel Approaches in Neuroscience', 'Trends in Neurosciences', '15-jan-2021', 'Allemagne', 33);
INSERT INTO article VALUES (40, 'BioNanoMaterials: Advances in Nanotechnology', 'Nature Nanotechnology', '02-apr-2021', 'Espagne', 34);
INSERT INTO article VALUES (41, 'ImmunoDiagnostics: Innovations in Immunology', 'Annual Review of Immunology', '20-jul-2021', 'Canada', 35);
INSERT INTO article VALUES (42, 'Biodiversity Preservation in Ecological Reserves', 'Annual Review of Ecology, Evolution, and Systematics', '18-mar-2022', 'France', 36);
INSERT INTO article VALUES (43, 'Impact of Climate Change on Ecosystems', 'Ecology Letters', '28-jun-2022', 'États-Unis', 36);
INSERT INTO article VALUES (44, 'Sustainable Practices for Ecological Balance', 'Trends in Ecology & Evolution', '15-sep-2022', 'Canada', 36);
INSERT INTO article VALUES (45, 'Innovations in Synthetic Biology', 'Trends in Biotechnology', '02-dec-2022', 'Allemagne', 37);
INSERT INTO article VALUES (46, 'Plant Ecophysiology: Insights and Applications', 'Annual Review of Plant Biology', '18-mar-2023', 'Japon', 38);
INSERT INTO article VALUES (47, 'Microbial Interactions in Plant Ecophysiology', 'Frontiers in Microbiology', '28-jun-2023', 'Australie', 38);
INSERT INTO article VALUES (48, 'Climate Change and Plant Ecophysiology', 'Trends in Plant Science', '15-sep-2023', 'France', 38);
INSERT INTO article VALUES (49, 'Microbial Ecology: Understanding Biodiversity', 'Nature Reviews Microbiology', '15-jan-2023', 'France', 39);
INSERT INTO article VALUES (50, 'Regeneration Mechanisms in Human Cells', 'Cell Stem Cell', '02-apr-2023', 'Allemagne', 40);
INSERT INTO article VALUES (51, 'Biological Insights into Cell Regeneration', 'Nature Reviews Genetics', '15-jun-2023', 'France', 40);


/*organisme_financement*/
INSERT INTO organisme_financement VALUES (1, 'Agence Nationale de la Recherche', 'Gouvernemental', 'France');
INSERT INTO organisme_financement VALUES (2, 'Institut Pasteur', 'Organisation privée', 'France');
INSERT INTO organisme_financement VALUES (3, 'Fondation pour la Recherche Médicale', 'Organisation privée', 'France');
INSERT INTO organisme_financement VALUES (4, 'Centre National de la Recherche Scientifique', 'Gouvernemental', 'France');
INSERT INTO organisme_financement VALUES (5, 'Bpifrance', 'Gouvernemental', 'France');
INSERT INTO organisme_financement VALUES (6, 'Inserm Transfert', 'Organisation privée', 'France');
INSERT INTO organisme_financement VALUES (7, 'Caisse Nationale de l''Assurance Maladie', 'Gouvernemental', 'France');
INSERT INTO organisme_financement VALUES (8, 'Ligue Nationale contre le Cancer', 'Organisation privée', 'France');
INSERT INTO organisme_financement VALUES (9, 'Fondation Bettencourt Schueller', 'Organisation privée', 'France');
INSERT INTO organisme_financement VALUES (10, 'Conseil Régional de la Recherche en Île-de-France', 'Gouvernemental', 'France');
INSERT INTO organisme_financement VALUES (11, 'European Research Council', 'Organisation internationale', 'Europe');
INSERT INTO organisme_financement VALUES (12, 'Wellcome Trust', 'Organisation privée', 'Royaume-Uni');
INSERT INTO organisme_financement VALUES (13, 'Deutsche Forschungsgemeinschaft (DFG)', 'Gouvernemental', 'Allemagne');
INSERT INTO organisme_financement VALUES (14, 'Swiss National Science Foundation', 'Gouvernemental', 'Suisse');
INSERT INTO organisme_financement VALUES (15, 'Instituto de Salud Carlos III', 'Gouvernemental', 'Espagne');
INSERT INTO organisme_financement VALUES (16, 'Fondazione Telethon', 'Organisation privée', 'Italie');
INSERT INTO organisme_financement VALUES (17, 'National Science Centre (NCN)', 'Gouvernemental', 'Pologne');
INSERT INTO organisme_financement VALUES (18, 'Research Council of Norway', 'Gouvernemental', 'Norvège');
INSERT INTO organisme_financement VALUES (19, 'Netherlands Organization for Scientific Research (NWO)', 'Gouvernemental', 'Pays-Bas');
INSERT INTO organisme_financement VALUES (20, 'Austrian Science Fund (FWF)', 'Gouvernemental', 'Autriche');
INSERT INTO organisme_financement VALUES (21, 'Sorbonne Université', 'Université', 'France');
INSERT INTO organisme_financement VALUES (22, 'CNRS - Centre National de la Recherche Scientifique', 'Institut académique', 'France');
INSERT INTO organisme_financement VALUES (23, 'Université Paris-Saclay', 'Université', 'France');
INSERT INTO organisme_financement VALUES (24, 'INSERM - Institut National de la Santé et de la Recherche Médicale', 'Institut académique', 'France');
INSERT INTO organisme_financement VALUES (25, 'Université de Strasbourg', 'Université', 'France');
INSERT INTO organisme_financement VALUES (26, 'National Institutes of Health (NIH)', 'Gouvernemental', 'États-Unis');
INSERT INTO organisme_financement VALUES (27, 'National Science Foundation (NSF)', 'Gouvernemental', 'États-Unis');
INSERT INTO organisme_financement VALUES (28, 'Canadian Institutes of Health Research (CIHR)', 'Gouvernemental', 'Canada');
INSERT INTO organisme_financement VALUES (29, 'National Research Council of Canada (NRC)', 'Gouvernemental', 'Canada');
INSERT INTO organisme_financement VALUES (30, 'Fonds de recherche du Québec (FRQ)', 'Gouvernemental', 'Canada');
INSERT INTO organisme_financement VALUES (31, 'National Institutes of Health (NIH)', 'Gouvernemental', 'États-Unis');
INSERT INTO organisme_financement VALUES (32, 'Howard Hughes Medical Institute (HHMI)', 'Privé', 'États-Unis');
INSERT INTO organisme_financement VALUES (33, 'Canadian Institutes of Health Research (CIHR)', 'Gouvernemental', 'Canada');
INSERT INTO organisme_financement VALUES (34, 'Bill & Melinda Gates Foundation', 'Privé', 'États-Unis');
INSERT INTO organisme_financement VALUES (35, 'Fonds de recherche du Québec (FRQ)', 'Gouvernemental', 'Canada');
INSERT INTO organisme_financement VALUES (36, 'World Health Organization (WHO)', 'International', Null);
INSERT INTO organisme_financement VALUES (37, 'European Research Council (ERC)', 'International', Null);
INSERT INTO organisme_financement VALUES (38, 'GAVI, the Vaccine Alliance', 'International', Null);
INSERT INTO organisme_financement VALUES (39, 'International Monetary Fund (IMF)', 'International', Null);
INSERT INTO organisme_financement VALUES (40, 'Wellcome Trust', 'International', Null);

/*Evenement*/
INSERT INTO evenement VALUES (1, 'Conférence', 'Conférence Internationale sur la Biologie Moléculaire', '10-jan-2017', '12-jan-2017', 'Paris, France');
INSERT INTO evenement VALUES (2, 'Séminaire', 'Séminaire Européen sur la Génétique', '20-feb-2017', '22-feb-2017', 'Berlin, Allemagne');
INSERT INTO evenement VALUES (3, 'Colloque', 'Colloque International sur la Physiologie', '15-mar-2017', '17-mar-2017', 'Lyon, France');
INSERT INTO evenement VALUES (4, 'Réunion', 'Réunion Annuelle des Chercheurs en Biologie', '25-apr-2017', '27-apr-2017', 'New York, États-Unis');
INSERT INTO evenement VALUES (5, 'Formation', 'Formation Avancée en Biologie Cellulaire', '30-may-2017', '01-jun-2017', 'Paris, France');
INSERT INTO evenement VALUES (6, 'Conférence', 'Conférence Asiatique sur la Neurobiologie', '10-jul-2017', '12-jul-2017', 'Tokyo, Japon');
INSERT INTO evenement VALUES (7, 'Séminaire', 'Séminaire National sur la Biochimie', '20-aug-2017', '22-aug-2017', 'Bordeaux, France');
INSERT INTO evenement VALUES (8, 'Colloque', 'Colloque Européen sur la Génétique Moléculaire', '15-sep-2017', '17-sep-2017', 'Barcelone, Espagne');
INSERT INTO evenement VALUES (9, 'Réunion', 'Réunion des Experts en Microbiologie', '25-oct-2017', '27-oct-2017', 'Paris, France');
INSERT INTO evenement VALUES (10, 'Formation', 'Formation Avancée en Biologie Marine', '30-nov-2017', '02-dec-2017', 'Sydney, Australie');
INSERT INTO evenement VALUES (11, 'Conférence', 'Conférence Internationale sur la Biologie Moléculaire Avancée', '10-jan-2018', '12-jan-2018', 'Paris, France');
INSERT INTO evenement VALUES (12, 'Séminaire', 'Séminaire Européen sur la Génétique Moléculaire', '20-feb-2018', '22-feb-2018', 'Berlin, Allemagne');
INSERT INTO evenement VALUES (13, 'Colloque', 'Colloque International sur la Physiologie Cellulaire', '15-mar-2018', '17-mar-2018', 'Lyon, France');
INSERT INTO evenement VALUES (14, 'Réunion', 'Réunion Annuelle des Chercheurs en Neurobiologie', '25-apr-2018', '27-apr-2018', 'New York, États-Unis');
INSERT INTO evenement VALUES (15, 'Formation', 'Formation Avancée en Biologie Animale', '30-may-2018', '01-jun-2018', 'Paris, France');
INSERT INTO evenement VALUES (16, 'Conférence', 'Conférence Asiatique sur la Génétique Cellulaire', '10-jul-2018', '12-jul-2018', 'Tokyo, Japon');
INSERT INTO evenement VALUES (17, 'Séminaire', 'Séminaire National sur la Biochimie Moléculaire', '20-aug-2018', '22-aug-2018', 'Bordeaux, France');
INSERT INTO evenement VALUES (18, 'Colloque', 'Colloque Européen sur la Génétique Animale', '15-sep-2018', '17-sep-2018', 'Barcelone, Espagne');
INSERT INTO evenement VALUES (19, 'Réunion', 'Réunion des Experts en Biologie Végétale', '25-oct-2018', '27-oct-2018', 'Paris, France');
INSERT INTO evenement VALUES (20, 'Formation', 'Formation Avancée en Génétique Moléculaire', '30-nov-2018', '02-dec-2018', 'Sydney, Australie');
INSERT INTO evenement VALUES (21, 'Conférence', 'Conférence Européenne sur la Biologie Moléculaire Avancée', '10-jan-2019', '12-jan-2019', 'Paris, France');
INSERT INTO evenement VALUES (22, 'Séminaire', 'Séminaire International sur la Génétique Avancée', '20-feb-2019', '22-feb-2019', 'Berlin, Allemagne');
INSERT INTO evenement VALUES (23, 'Colloque', 'Colloque National sur la Physiologie Avancée', '15-mar-2019', '17-mar-2019', 'Lyon, France');
INSERT INTO evenement VALUES (24, 'Réunion', 'Réunion des Experts en Biologie Moléculaire', '25-apr-2019', '27-apr-2019', 'New York, États-Unis');
INSERT INTO evenement VALUES (25, 'Formation', 'Formation Avancée en Génétique Moléculaire', '30-may-2019', '01-jun-2019', 'Paris, France');
INSERT INTO evenement VALUES (26, 'Conférence', 'Conférence Asiatique sur la Neurobiologie Moléculaire', '10-jul-2019', '12-jul-2019', 'Tokyo, Japon');
INSERT INTO evenement VALUES (27, 'Séminaire', 'Séminaire Européen sur la Biochimie Avancée', '20-aug-2019', '22-aug-2019', 'Bordeaux, France');
INSERT INTO evenement VALUES (28, 'Colloque', 'Colloque International sur la Génétique Cellulaire', '15-sep-2019', '17-sep-2019', 'Barcelone, Espagne');
INSERT INTO evenement VALUES (29, 'Réunion', 'Réunion Annuelle des Experts en Microbiologie', '25-oct-2019', '27-oct-2019', 'Paris, France');
INSERT INTO evenement VALUES (30, 'Formation', 'Formation Avancée en Biologie Marine Moléculaire', '30-nov-2019', '02-dec-2019', 'Sydney, Australie');
INSERT INTO evenement VALUES (31, 'Conférence', 'Conférence Internationale sur la Génétique Cellulaire', '15-jan-2020', '17-jan-2020', 'Paris, France');
INSERT INTO evenement VALUES (32, 'Séminaire', 'Séminaire Européen sur la Neurobiologie', '25-feb-2020', '27-feb-2020', 'Berlin, Allemagne');
INSERT INTO evenement VALUES (33, 'Colloque', 'Colloque International sur la Physiologie Cellulaire Avancée', '20-mar-2020', '22-mar-2020', 'Lyon, France');
INSERT INTO evenement VALUES (34, 'Réunion', 'Réunion Annuelle des Chercheurs en Neurobiologie Moléculaire', '30-apr-2020', '02-may-2020', 'New York, États-Unis');
INSERT INTO evenement VALUES (35, 'Formation', 'Formation Avancée en Génétique Animale', '05-jun-2020', '07-jun-2020', 'Paris, France');
INSERT INTO evenement VALUES (36, 'Conférence', 'Conférence Asiatique sur la Biochimie Cellulaire', '15-jul-2020', '17-jul-2020', 'Tokyo, Japon');
INSERT INTO evenement VALUES (37, 'Séminaire', 'Séminaire National sur la Physiologie Avancée', '25-aug-2020', '27-aug-2020', 'Bordeaux, France');
INSERT INTO evenement VALUES (38, 'Colloque', 'Colloque Européen sur la Génétique Animale Moléculaire', '20-sep-2020', '22-sep-2020', 'Barcelone, Espagne');
INSERT INTO evenement VALUES (39, 'Réunion', 'Réunion des Experts en Génétique Moléculaire', '30-oct-2020', '01-nov-2020', 'Paris, France');
INSERT INTO evenement VALUES (40, 'Formation', 'Formation Avancée en Biologie Végétale Cellulaire', '05-dec-2020', '07-dec-2020', 'Sydney, Australie');
INSERT INTO evenement VALUES (41, 'Conférence', 'Conférence Européenne sur la Biologie Moléculaire Avancée', '10-jan-2021', '12-jan-2021', 'Paris, France');
INSERT INTO evenement VALUES (42, 'Séminaire', 'Séminaire International sur la Génétique Avancée', '20-feb-2021', '22-feb-2021', 'Berlin, Allemagne');
INSERT INTO evenement VALUES (43, 'Colloque', 'Colloque National sur la Neurobiologie Avancée', '15-mar-2021', '17-mar-2021', 'Lyon, France');
INSERT INTO evenement VALUES (44, 'Réunion', 'Réunion des Experts en Biologie Moléculaire', '25-apr-2021', '27-apr-2021', 'New York, États-Unis');
INSERT INTO evenement VALUES (45, 'Formation', 'Formation Avancée en Génétique Moléculaire', '30-may-2021', '01-jun-2021', 'Paris, France');
INSERT INTO evenement VALUES (46, 'Conférence', 'Conférence Asiatique sur la Neurobiologie Moléculaire', '10-jul-2021', '12-jul-2021', 'Tokyo, Japon');
INSERT INTO evenement VALUES (47, 'Séminaire', 'Séminaire Européen sur la Biochimie Avancée', '20-aug-2021', '22-aug-2021', 'Bordeaux, France');
INSERT INTO evenement VALUES (48, 'Colloque', 'Colloque International sur la Génétique Cellulaire', '15-sep-2021', '17-sep-2021', 'Barcelone, Espagne');
INSERT INTO evenement VALUES (49, 'Réunion', 'Réunion Annuelle des Experts en Microbiologie', '25-oct-2021', '27-oct-2021', 'Paris, France');
INSERT INTO evenement VALUES (50, 'Formation', 'Formation Avancée en Biologie Marine Moléculaire', '30-nov-2021', '02-dec-2021', 'Sydney, Australie');
INSERT INTO evenement VALUES (51, 'Conférence', 'Conférence Internationale sur la Génétique Cellulaire', '15-jan-2022', '17-jan-2022', 'Paris, France');
INSERT INTO evenement VALUES (52, 'Séminaire', 'Séminaire Européen sur la Neurobiologie', '25-feb-2022', '27-feb-2022', 'Berlin, Allemagne');
INSERT INTO evenement VALUES (53, 'Colloque', 'Colloque International sur la Physiologie Cellulaire Avancée', '20-mar-2022', '22-mar-2022', 'Lyon, France');
INSERT INTO evenement VALUES (54, 'Réunion', 'Réunion Annuelle des Chercheurs en Neurobiologie Moléculaire', '30-apr-2022', '02-may-2022', 'New York, États-Unis');
INSERT INTO evenement VALUES (55, 'Formation', 'Formation Avancée en Génétique Animale', '05-jun-2022', '07-jun-2022', 'Paris, France');
INSERT INTO evenement VALUES (56, 'Conférence', 'Conférence Asiatique sur la Biochimie Cellulaire', '15-jul-2022', '17-jul-2022', 'Tokyo, Japon');
INSERT INTO evenement VALUES (57, 'Séminaire', 'Séminaire National sur la Physiologie Avancée', '25-aug-2022', '27-aug-2022', 'Bordeaux, France');
INSERT INTO evenement VALUES (58, 'Colloque', 'Colloque Européen sur la Génétique Animale Moléculaire', '20-sep-2022', '22-sep-2022', 'Barcelone, Espagne');
INSERT INTO evenement VALUES (59, 'Réunion', 'Réunion des Experts en Génétique Moléculaire', '30-oct-2022', '01-nov-2022', 'Paris, France');
INSERT INTO evenement VALUES (60, 'Conférence', 'Conférence sur la Biologie Moléculaire Avancée', '15-nov-2023', '17-nov-2023', 'Paris, France');
INSERT INTO evenement VALUES (61, 'Séminaire', 'Séminaire de Génétique Moléculaire', '15-jan-2023', '17-jan-2023', 'Lille, France');
INSERT INTO evenement VALUES (62, 'Formation', 'Formations en Biologie Cellulaire', '20-feb-2023', '22-feb-2023', 'Rennes, France');
INSERT INTO evenement VALUES (63, 'Colloque', 'Colloque sur la Biochimie', '10-mar-2023', '12-mar-2023', 'Strasbourg, France');
INSERT INTO evenement VALUES (64, 'Réunion', 'Réunion Internationale de Neurobiologie', '18-apr-2023', '20-apr-2023', 'Toulouse, France');
INSERT INTO evenement VALUES (65, 'Conférence', 'Conférence sur la Physiologie Moléculaire', '22-may-2023', '24-may-2023', 'Montpellier, France');
INSERT INTO evenement VALUES (66, 'Séminaire', 'Séminaire de Biologie Marine', '30-jun-2023', '02-jul-2023', 'Nantes, France');
INSERT INTO evenement VALUES (67, 'Formation', 'Formations Avancées en Génétique', '05-aug-2023', '07-aug-2023', 'Bordeaux, France');
INSERT INTO evenement VALUES (68, 'Colloque', 'Colloque sur la Biologie Végétale', '12-sep-2023', '14-sep-2023', 'Marseille, France');
INSERT INTO evenement VALUES (69, 'Réunion', 'Réunion Internationale de Microbiologie', '18-oct-2023', '20-oct-2023', 'Nice, France');
INSERT INTO evenement VALUES (70, 'Conférence', 'Conférence sur la Biologie Animale', '25-nov-2023', '27-nov-2023', 'Lyon, France');
INSERT INTO evenement VALUES (71, 'Séminaire', 'Séminaire de Génétique Humaine', '05-jan-2024', '07-jan-2024', 'Toulouse, France');
INSERT INTO evenement VALUES (72, 'Formation', 'Formations Avancées en Bioinformatique', '18-feb-2024', '20-feb-2024', 'Strasbourg, France');
INSERT INTO evenement VALUES (73, 'Colloque', 'Colloque sur la Biologie Moléculaire', '25-mar-2024', '27-mar-2024', 'Rennes, France');
INSERT INTO evenement VALUES (74, 'Réunion', 'Réunion Internationale de Physiologie', '30-apr-2024', '02-may-2024', 'Avignon, France');
INSERT INTO evenement VALUES (75, 'Conférence', 'Conférence sur la Génétique Avancée', '05-jun-2024', '07-jun-2024', 'Dijon, France');
INSERT INTO evenement VALUES (76, 'Séminaire', 'Séminaire de Biologie Cellulaire', '12-jul-2024', '14-jul-2024', 'Grenoble, France');
INSERT INTO evenement VALUES (77, 'Formation', 'Formations Avancées en Biochimie', '18-aug-2024', '20-aug-2024', 'Lille, France');
INSERT INTO evenement VALUES (78, 'Colloque', 'Colloque sur la Génétique Moléculaire', '25-sep-2024', '27-sep-2024', 'Rennes, France');
INSERT INTO evenement VALUES (79, 'Réunion', 'Réunion Internationale de Biochimie', '30-oct-2024', '01-nov-2024', 'Strasbourg, France');
INSERT INTO evenement VALUES (80, 'Conférence', 'Conférence sur la Biologie Végétale', '05-dec-2024', '07-dec-2024', 'Toulouse, France');
INSERT INTO evenement VALUES (81, 'Séminaire', 'Séminaire de Génétique Animale', '10-jan-2025', '12-jan-2025', 'Montpellier, France');
INSERT INTO evenement VALUES (82, 'Formation', 'Formations Avancées en Neurobiologie', '15-feb-2025', '17-feb-2025', 'Nantes, France');
INSERT INTO evenement VALUES (83, 'Colloque', 'Colloque sur la Bioinformatique', '22-mar-2025', '24-mar-2025', 'Nice, France');
INSERT INTO evenement VALUES (84, 'Réunion', 'Réunion Internationale de Biologie Cellulaire', '28-apr-2025', '30-apr-2025', 'Bordeaux, France');
INSERT INTO evenement VALUES (85, 'Conférence', 'Conférence sur la Physiologie Animale', '03-jun-2025', '05-jun-2025', 'Marseille, France');
INSERT INTO evenement VALUES (86, 'Séminaire', 'Séminaire de Biologie Marine', '10-jul-2025', '13-jul-2025', 'Rennes, France');

/*Participe*/
/*Bio moléculaire*/
INSERT INTO participe VALUES (1, 7);
INSERT INTO participe VALUES (13, 24);
INSERT INTO participe VALUES (13, 33);
INSERT INTO participe VALUES (28, 37);
INSERT INTO participe VALUES (1, 27);
INSERT INTO participe VALUES (21, 7);
INSERT INTO participe VALUES (28, 16);
INSERT INTO participe VALUES (38, 24);
INSERT INTO participe VALUES (1, 1);
INSERT INTO participe VALUES (13, 16);
INSERT INTO participe VALUES (21, 24);
INSERT INTO participe VALUES (28, 1);
INSERT INTO participe VALUES (38, 7);
INSERT INTO participe VALUES (13, 13);
INSERT INTO participe VALUES (21, 1);
INSERT INTO participe VALUES (28, 13);
INSERT INTO participe VALUES (38, 16);
INSERT INTO participe VALUES (13, 7);
INSERT INTO participe VALUES (21, 13);
INSERT INTO participe VALUES (28, 24);
INSERT INTO participe VALUES (38, 13);
INSERT INTO participe VALUES (9, 24);
INSERT INTO participe VALUES (9, 13);
INSERT INTO participe VALUES (36, 1);
/*Génétique*/
INSERT INTO participe VALUES (3, 3);
INSERT INTO participe VALUES (13, 3);
INSERT INTO participe VALUES (3, 5);
INSERT INTO participe VALUES (6, 5);
INSERT INTO participe VALUES (16, 5);
INSERT INTO participe VALUES (31, 5);
INSERT INTO participe VALUES (3, 8);
INSERT INTO participe VALUES (22, 8);
INSERT INTO participe VALUES (39, 8);
INSERT INTO participe VALUES (38, 8);
INSERT INTO participe VALUES (3, 15);
INSERT INTO participe VALUES (23, 15);
INSERT INTO participe VALUES (34, 15);
INSERT INTO participe VALUES (3, 19);
INSERT INTO participe VALUES (23, 19);
INSERT INTO participe VALUES (11, 19);
INSERT INTO participe VALUES (19, 19);
INSERT INTO participe VALUES (3, 20);
INSERT INTO participe VALUES (23, 20);
INSERT INTO participe VALUES (1, 20);
INSERT INTO participe VALUES (1, 21);
INSERT INTO participe VALUES (3, 23);
INSERT INTO participe VALUES (13, 23);
INSERT INTO participe VALUES (26, 23);
INSERT INTO participe VALUES (26, 25);
INSERT INTO participe VALUES (3, 32);
INSERT INTO participe VALUES (12, 32);
INSERT INTO participe VALUES (19, 32);
INSERT INTO participe VALUES (21, 32);
/*Neurobio*/
INSERT INTO participe VALUES (10, 4);
INSERT INTO participe VALUES (10, 10);
INSERT INTO participe VALUES (10, 18);
INSERT INTO participe VALUES (33, 4);
INSERT INTO participe VALUES (33, 10);
INSERT INTO participe VALUES (33, 18);
INSERT INTO participe VALUES (22, 4);
INSERT INTO participe VALUES (2, 10);
INSERT INTO participe VALUES (34, 18);
INSERT INTO participe VALUES (24, 18);
INSERT INTO participe VALUES (25, 18);
INSERT INTO participe VALUES (25, 4);
INSERT INTO participe VALUES (35, 10);
INSERT INTO participe VALUES (43, 4);
/*Végétale*/
INSERT INTO participe VALUES (6, 11);
INSERT INTO participe VALUES (6, 28);
INSERT INTO participe VALUES (6, 38);
INSERT INTO participe VALUES (16, 11);
INSERT INTO participe VALUES (16, 28);
INSERT INTO participe VALUES (16, 38);
INSERT INTO participe VALUES (31, 11);
INSERT INTO participe VALUES (31, 28);
INSERT INTO participe VALUES (31, 38);
INSERT INTO participe VALUES (41, 11);
/*Marine*/
INSERT INTO participe VALUES (4, 41);
INSERT INTO participe VALUES (15, 41);
INSERT INTO participe VALUES (30, 41);
INSERT INTO participe VALUES (40, 41);
INSERT INTO participe VALUES (4, 42);
INSERT INTO participe VALUES (15, 42);
INSERT INTO participe VALUES (30, 42);
INSERT INTO participe VALUES (40, 42);
/*Cellulaire*/
INSERT INTO participe VALUES (2, 30);
INSERT INTO participe VALUES (22, 30);
INSERT INTO participe VALUES (19, 30);
INSERT INTO participe VALUES (22, 40);
INSERT INTO participe VALUES (2, 40);
INSERT INTO participe VALUES (1, 40);
/*Immuno*/
INSERT INTO participe VALUES (11, 2);
INSERT INTO participe VALUES (24, 2);
INSERT INTO participe VALUES (11, 6);
INSERT INTO participe VALUES (24, 6);
INSERT INTO participe VALUES (34, 6);
INSERT INTO participe VALUES (18, 6);
INSERT INTO participe VALUES (34, 22);
INSERT INTO participe VALUES (24, 22);
INSERT INTO participe VALUES (11, 22);
INSERT INTO participe VALUES (24, 35);
INSERT INTO participe VALUES (34, 35);
INSERT INTO participe VALUES (11, 35);
INSERT INTO participe VALUES (29, 35);
INSERT INTO participe VALUES (29, 6);
/*Écologie*/
INSERT INTO participe VALUES (8, 9);
INSERT INTO participe VALUES (8, 17);
INSERT INTO participe VALUES (8, 26);
INSERT INTO participe VALUES (8, 31);
INSERT INTO participe VALUES (8, 36);
INSERT INTO participe VALUES (20, 9);
INSERT INTO participe VALUES (20, 17);
INSERT INTO participe VALUES (20, 26);
INSERT INTO participe VALUES (20, 31);
INSERT INTO participe VALUES (20, 36);
INSERT INTO participe VALUES (27, 9);
INSERT INTO participe VALUES (27, 17);
INSERT INTO participe VALUES (27, 26);
INSERT INTO participe VALUES (27, 31);
INSERT INTO participe VALUES (27, 36);
INSERT INTO participe VALUES (37, 9);
INSERT INTO participe VALUES (37, 17);
INSERT INTO participe VALUES (37, 26);
INSERT INTO participe VALUES (37, 31);
INSERT INTO participe VALUES (37, 36);
/*Microbiologie*/
INSERT INTO participe VALUES (7, 12);
INSERT INTO participe VALUES (7, 14);
INSERT INTO participe VALUES (7, 29);
INSERT INTO participe VALUES (7, 39);
INSERT INTO participe VALUES (17, 12);
INSERT INTO participe VALUES (17, 14);
INSERT INTO participe VALUES (17, 29);
INSERT INTO participe VALUES (17, 39);
INSERT INTO participe VALUES (32, 12);
INSERT INTO participe VALUES (32, 14);
INSERT INTO participe VALUES (32, 29);
INSERT INTO participe VALUES (32, 39);
INSERT INTO participe VALUES (42, 12);
INSERT INTO participe VALUES (42, 14);
INSERT INTO participe VALUES (5, 38);
INSERT INTO participe VALUES (5, 14);
INSERT INTO participe VALUES (14, 14);
INSERT INTO participe VALUES (14, 29);
INSERT INTO participe VALUES (14, 34);
/*financement*/
INSERT INTO financement VALUES (1, 1, TO_DATE('2019-02-15', 'YYYY-MM-DD'), 10000);
INSERT INTO financement VALUES (12, 1, TO_DATE('2019-02-15', 'YYYY-MM-DD'), 10000);
INSERT INTO financement VALUES (16, 1, TO_DATE('2019-02-15', 'YYYY-MM-DD'), 10000);
INSERT INTO financement VALUES (2, 2, TO_DATE('2019-05-01', 'YYYY-MM-DD'), 15000);
INSERT INTO financement VALUES (12, 2, TO_DATE('2019-05-01', 'YYYY-MM-DD'), 15000);
INSERT INTO financement VALUES (22, 2, TO_DATE('2019-05-01', 'YYYY-MM-DD'), 15000);
INSERT INTO financement VALUES (40, 2, TO_DATE('2019-05-01', 'YYYY-MM-DD'), 15000);
INSERT INTO financement VALUES (3, 3, TO_DATE('2019-08-25', 'YYYY-MM-DD'), 20000);
INSERT INTO financement VALUES (18, 3, TO_DATE('2019-08-25', 'YYYY-MM-DD'), 20000);
INSERT INTO financement VALUES (17, 3, TO_DATE('2019-08-25', 'YYYY-MM-DD'), 20000);
INSERT INTO financement VALUES (4, 4, TO_DATE('2019-11-10', 'YYYY-MM-DD'), 25000);
INSERT INTO financement VALUES (7, 4, TO_DATE('2019-11-10', 'YYYY-MM-DD'), 25000);

INSERT INTO financement VALUES (5, 5, TO_DATE('2020-02-28', 'YYYY-MM-DD'), 30000);
INSERT INTO financement VALUES (6, 6, TO_DATE('2020-05-15', 'YYYY-MM-DD'), 35000);
INSERT INTO financement VALUES (7, 7, TO_DATE('2020-08-28', 'YYYY-MM-DD'), 40000);
INSERT INTO financement VALUES (13, 5, TO_DATE('2020-02-28', 'YYYY-MM-DD'), 30000);
INSERT INTO financement VALUES (14, 6, TO_DATE('2020-05-15', 'YYYY-MM-DD'), 35000);
INSERT INTO financement VALUES (15, 7, TO_DATE('2020-08-28', 'YYYY-MM-DD'), 40000);
INSERT INTO financement VALUES (16, 8, TO_DATE('2020-11-12', 'YYYY-MM-DD'), 45000);
INSERT INTO financement VALUES (17, 9, TO_DATE('2021-04-20', 'YYYY-MM-DD'), 50000);
INSERT INTO financement VALUES (18, 10, TO_DATE('2021-07-05', 'YYYY-MM-DD'), 55000);
INSERT INTO financement VALUES (19, 11, TO_DATE('2021-10-18', 'YYYY-MM-DD'), 60000);
INSERT INTO financement VALUES (20, 12, TO_DATE('2022-01-30', 'YYYY-MM-DD'), 65000);
INSERT INTO financement VALUES (8, 8, TO_DATE('2020-11-12', 'YYYY-MM-DD'), 45000);
INSERT INTO financement VALUES (9, 9, TO_DATE('2021-04-20', 'YYYY-MM-DD'), 50000);
INSERT INTO financement VALUES (10, 10, TO_DATE('2021-07-05', 'YYYY-MM-DD'), 55000);
INSERT INTO financement VALUES (11, 11, TO_DATE('2021-10-18', 'YYYY-MM-DD'), 60000);
INSERT INTO financement VALUES (12, 12, TO_DATE('2022-01-30', 'YYYY-MM-DD'), 65000);
INSERT INTO financement VALUES (13, 13, TO_DATE('2022-04-15', 'YYYY-MM-DD'), 70000);
INSERT INTO financement VALUES (14, 14, TO_DATE('2022-07-28', 'YYYY-MM-DD'), 75000);
INSERT INTO financement VALUES (15, 15, TO_DATE('2022-10-10', 'YYYY-MM-DD'), 80000);
INSERT INTO financement VALUES (16, 16, TO_DATE('2023-01-25', 'YYYY-MM-DD'), 85000);
INSERT INTO financement VALUES (17, 17, TO_DATE('2013-06-12', 'YYYY-MM-DD'), 90000);

INSERT INTO financement VALUES (18, 18, TO_DATE('2013-09-28', 'YYYY-MM-DD'), 95000);
INSERT INTO financement VALUES (19, 19, TO_DATE('2013-12-15', 'YYYY-MM-DD'), 100000);
INSERT INTO financement VALUES (20, 20, TO_DATE('2014-05-02', 'YYYY-MM-DD'), 105000);
INSERT INTO financement VALUES (21, 21, TO_DATE('2019-02-01', 'YYYY-MM-DD'), 110000);
INSERT INTO financement VALUES (22, 22, TO_DATE('2020-03-18', 'YYYY-MM-DD'), 115000);
INSERT INTO financement VALUES (23, 23, TO_DATE('2021-04-23', 'YYYY-MM-DD'), 120000);
INSERT INTO financement VALUES (24, 24, TO_DATE('2018-05-28', 'YYYY-MM-DD'), 125000);
INSERT INTO financement VALUES (25, 25, TO_DATE('2020-06-12', 'YYYY-MM-DD'), 130000);
INSERT INTO financement VALUES (26, 26, TO_DATE('2017-07-27', 'YYYY-MM-DD'), 135000);
INSERT INTO financement VALUES (27, 27, TO_DATE('2019-08-11', 'YYYY-MM-DD'), 140000);
INSERT INTO financement VALUES (28, 28, TO_DATE('2020-09-26', 'YYYY-MM-DD'), 145000);
INSERT INTO financement VALUES (29, 29, TO_DATE('2021-10-31', 'YYYY-MM-DD'), 150000);
INSERT INTO financement VALUES (30, 8, TO_DATE('2020-11-12', 'YYYY-MM-DD'), 45000);
INSERT INTO financement VALUES (31, 9, TO_DATE('2021-04-20', 'YYYY-MM-DD'), 50000);
INSERT INTO financement VALUES (32, 10, TO_DATE('2021-07-05', 'YYYY-MM-DD'), 55000);
INSERT INTO financement VALUES (33, 41, TO_DATE('2021-10-18', 'YYYY-MM-DD'), 60000);
INSERT INTO financement VALUES (34, 12, TO_DATE('2022-01-30', 'YYYY-MM-DD'), 65000);
INSERT INTO financement VALUES (35, 13, TO_DATE('2022-04-15', 'YYYY-MM-DD'), 70000);
INSERT INTO financement VALUES (36, 14, TO_DATE('2022-07-28', 'YYYY-MM-DD'), 75000);
INSERT INTO financement VALUES (37, 15, TO_DATE('2022-10-10', 'YYYY-MM-DD'), 80000);
INSERT INTO financement VALUES (38, 16, TO_DATE('2023-01-25', 'YYYY-MM-DD'), 85000);
INSERT INTO financement VALUES (39, 17, TO_DATE('2013-06-12', 'YYYY-MM-DD'), 90000);
INSERT INTO financement VALUES (2, 18, TO_DATE('2013-09-28', 'YYYY-MM-DD'), 95000);
INSERT INTO financement VALUES (3, 19, TO_DATE('2013-12-15', 'YYYY-MM-DD'), 100000);
INSERT INTO financement VALUES (5, 20, TO_DATE('2014-05-02', 'YYYY-MM-DD'), 105000);
INSERT INTO financement VALUES (30, 30, TO_DATE('2018-12-15', 'YYYY-MM-DD'), 155000);
INSERT INTO financement VALUES (30, 12, TO_DATE('2018-12-15', 'YYYY-MM-DD'), 155000);
INSERT INTO financement VALUES (31, 31, TO_DATE('2019-01-30', 'YYYY-MM-DD'), 160000);
INSERT INTO financement VALUES (32, 32, TO_DATE('2021-03-15', 'YYYY-MM-DD'), 165000);
INSERT INTO financement VALUES (30, 27, TO_DATE('2018-12-15', 'YYYY-MM-DD'), 155000);
INSERT INTO financement VALUES (31, 14, TO_DATE('2019-01-30', 'YYYY-MM-DD'), 160000);
INSERT INTO financement VALUES (32, 39, TO_DATE('2021-03-15', 'YYYY-MM-DD'), 165000);
INSERT INTO financement VALUES (33, 9, TO_DATE('2018-04-20', 'YYYY-MM-DD'), 170000);
INSERT INTO financement VALUES (34, 33, TO_DATE('2020-05-05', 'YYYY-MM-DD'), 175000);
INSERT INTO financement VALUES (35, 1, TO_DATE('2017-06-20', 'YYYY-MM-DD'), 180000);
INSERT INTO financement VALUES (36, 25, TO_DATE('2019-07-05', 'YYYY-MM-DD'), 185000);
INSERT INTO financement VALUES (37, 36, TO_DATE('2021-08-20', 'YYYY-MM-DD'), 190000);
INSERT INTO financement VALUES (38, 20, TO_DATE('2018-09-04', 'YYYY-MM-DD'), 195000);
INSERT INTO financement VALUES (39, 13, TO_DATE('2020-10-19', 'YYYY-MM-DD'), 200000);
INSERT INTO financement VALUES (40, 8, TO_DATE('2017-11-03', 'YYYY-MM-DD'), 205000);
INSERT INTO financement VALUES (40, 40, TO_DATE('2023-05-15', 'YYYY-MM-DD'), 210000);
INSERT INTO financement VALUES (12, 4, TO_DATE('2023-08-01', 'YYYY-MM-DD'), 215000);
INSERT INTO financement VALUES (33, 33, TO_DATE('2018-04-20', 'YYYY-MM-DD'), 170000);
INSERT INTO financement VALUES (34, 34, TO_DATE('2020-05-05', 'YYYY-MM-DD'), 175000);
INSERT INTO financement VALUES (35, 35, TO_DATE('2017-06-20', 'YYYY-MM-DD'), 180000);
INSERT INTO financement VALUES (36, 42, TO_DATE('2019-07-05', 'YYYY-MM-DD'), 185000);
INSERT INTO financement VALUES (37, 37, TO_DATE('2021-08-20', 'YYYY-MM-DD'), 190000);
INSERT INTO financement VALUES (38, 38, TO_DATE('2018-09-04', 'YYYY-MM-DD'), 195000);
INSERT INTO financement VALUES (39, 39, TO_DATE('2020-10-19', 'YYYY-MM-DD'), 200000);
INSERT INTO financement VALUES (40, 40, TO_DATE('2017-11-03', 'YYYY-MM-DD'), 205000);
INSERT INTO financement VALUES (39, 1, TO_DATE('2023-05-15', 'YYYY-MM-DD'), 210000);
INSERT INTO financement VALUES (39, 2, TO_DATE('2023-08-01', 'YYYY-MM-DD'), 215000);

/*publie*/
INSERT INTO publie  VALUES (8, 19);
INSERT INTO publie  VALUES (20, 42);
INSERT INTO publie  VALUES (27, 49);
INSERT INTO publie  VALUES (37, 19);
INSERT INTO publie  VALUES (8, 43);
INSERT INTO publie  VALUES (20, 49);
INSERT INTO publie  VALUES (27, 44);
INSERT INTO publie  VALUES (37, 49);
INSERT INTO publie  VALUES (20, 11);
INSERT INTO publie  VALUES (20, 12);
INSERT INTO publie  VALUES (8, 24);
INSERT INTO publie  VALUES (37, 31);
INSERT INTO publie  VALUES (37, 33);
INSERT INTO publie  VALUES (8, 34);
INSERT INTO publie  VALUES (37, 37);
INSERT INTO publie  VALUES (41, 45);
INSERT INTO publie  VALUES (16, 46);
INSERT INTO publie  VALUES (7, 47);
/*Genétique*/
INSERT INTO publie  VALUES (3, 3);
INSERT INTO publie  VALUES (23, 7);
INSERT INTO publie  VALUES (3, 26);
INSERT INTO publie  VALUES (23, 28);
INSERT INTO publie  VALUES (3, 38);
INSERT INTO publie  VALUES (23, 51);
INSERT INTO publie  VALUES (23, 1);
INSERT INTO publie  VALUES (3, 17);
INSERT INTO publie  VALUES (23, 18);
INSERT INTO publie  VALUES (3, 16);
INSERT INTO publie  VALUES (23, 22);
INSERT INTO publie  VALUES (3, 27);
/*Immunologie*/
INSERT INTO publie  VALUES (11, 4);
INSERT INTO publie  VALUES (34, 5);
INSERT INTO publie  VALUES (24, 13);
INSERT INTO publie  VALUES (11, 14);
INSERT INTO publie  VALUES (34, 4);
INSERT INTO publie  VALUES (24, 5);
INSERT INTO publie  VALUES (11, 5);
INSERT INTO publie  VALUES (34, 4);
INSERT INTO publie  VALUES (24, 41);
INSERT INTO publie  VALUES (11, 30);
/*Microbio*/
INSERT INTO publie  VALUES (7, 22);
INSERT INTO publie  VALUES (17, 36);
INSERT INTO publie  VALUES (32, 47);
INSERT INTO publie  VALUES (42, 49);
INSERT INTO publie  VALUES (7, 36);
INSERT INTO publie  VALUES (17, 22);
INSERT INTO publie  VALUES (42, 36);
/*Bio mol*/
INSERT INTO publie  VALUES (1, 1);
INSERT INTO publie  VALUES (13, 2);
INSERT INTO publie  VALUES (21, 35);
INSERT INTO publie  VALUES (28, 1);
INSERT INTO publie  VALUES (38, 2);
INSERT INTO publie  VALUES (1, 15);
/*Neurobio*/
INSERT INTO publie  VALUES (11, 8);
INSERT INTO publie  VALUES (33, 10);
INSERT INTO publie  VALUES (2, 20);
INSERT INTO publie  VALUES (22, 25);
INSERT INTO publie  VALUES (22, 32);
INSERT INTO publie  VALUES (11, 39);
INSERT INTO publie  VALUES (33, 9);
/*Bio cel*/
INSERT INTO publie  VALUES (2, 5);
INSERT INTO publie  VALUES (22, 7);
INSERT INTO publie  VALUES (2, 50);
INSERT INTO publie  VALUES (22, 51);
INSERT INTO publie  VALUES (22, 6);
INSERT INTO publie  VALUES (22, 29);
INSERT INTO publie  VALUES (22, 50);
/*Bio animale*/
INSERT INTO publie  VALUES (12, 8);
INSERT INTO publie  VALUES (18, 10);
INSERT INTO publie  VALUES (25, 51);
INSERT INTO publie  VALUES (35, 10);
/*Bio marine*/
INSERT INTO publie  VALUES (4, 19);
INSERT INTO publie  VALUES (15, 43);
INSERT INTO publie  VALUES (30, 44);
INSERT INTO publie  VALUES (40, 47);
INSERT INTO publie  VALUES (30, 44);
INSERT INTO publie  VALUES (40, 19);
/*Biochimie*/
INSERT INTO publie  VALUES (9, 2);
INSERT INTO publie  VALUES (19, 26);
INSERT INTO publie  VALUES (26, 27);
INSERT INTO publie  VALUES (36, 28);
INSERT INTO publie  VALUES (9, 39);
INSERT INTO publie  VALUES (19, 40);
INSERT INTO publie  VALUES (19, 41);
INSERT INTO publie  VALUES (36, 45);
INSERT INTO publie  VALUES (36, 51);

/*stagiaire_assiste*/
INSERT INTO stagiaire_assiste  VALUES (22, 10);
INSERT INTO stagiaire_assiste  VALUES (14, 11);
INSERT INTO stagiaire_assiste  VALUES (30, 12);
INSERT INTO stagiaire_assiste  VALUES (23, 18);
INSERT INTO stagiaire_assiste  VALUES (11, 26);
INSERT INTO stagiaire_assiste  VALUES (29, 26);
INSERT INTO stagiaire_assiste  VALUES (11, 30);
INSERT INTO stagiaire_assiste  VALUES (27, 36);
INSERT INTO stagiaire_assiste  VALUES (17, 37);
INSERT INTO stagiaire_assiste  VALUES (25, 38);
INSERT INTO stagiaire_assiste  VALUES (33, 41);
INSERT INTO stagiaire_assiste  VALUES (8, 46);
INSERT INTO stagiaire_assiste  VALUES (12, 47);
INSERT INTO stagiaire_assiste  VALUES (27, 55);
INSERT INTO stagiaire_assiste  VALUES (24, 56);
INSERT INTO stagiaire_assiste  VALUES (21, 58);
INSERT INTO stagiaire_assiste  VALUES (19, 72);
INSERT INTO stagiaire_assiste  VALUES (7, 72);
INSERT INTO stagiaire_assiste  VALUES (23, 73);
INSERT INTO stagiaire_assiste  VALUES (28, 77);
INSERT INTO stagiaire_assiste  VALUES (16, 80);
INSERT INTO stagiaire_assiste  VALUES (16, 86);
INSERT INTO stagiaire_assiste  VALUES (32, 86);

/*chercheur_assiste*/
INSERT INTO chercheur_assiste  VALUES (1, 1);
INSERT INTO chercheur_assiste  VALUES (2, 5);
INSERT INTO chercheur_assiste  VALUES (3, 3);
INSERT INTO chercheur_assiste  VALUES (4, 4);
INSERT INTO chercheur_assiste  VALUES (5, 14);
INSERT INTO chercheur_assiste  VALUES (6, 20);
INSERT INTO chercheur_assiste  VALUES (7, 9);
INSERT INTO chercheur_assiste  VALUES (8, 37);
INSERT INTO chercheur_assiste  VALUES (9, 19);
INSERT INTO chercheur_assiste  VALUES (10, 6);
INSERT INTO chercheur_assiste  VALUES (11, 11);
INSERT INTO chercheur_assiste  VALUES (12, 35);
INSERT INTO chercheur_assiste  VALUES (13, 1);
INSERT INTO chercheur_assiste  VALUES (14, 40);
INSERT INTO chercheur_assiste  VALUES (15, 15);
INSERT INTO chercheur_assiste  VALUES (16, 41);
INSERT INTO chercheur_assiste  VALUES (17, 22);
INSERT INTO chercheur_assiste  VALUES (18, 43);
INSERT INTO chercheur_assiste  VALUES (19, 4);
INSERT INTO chercheur_assiste  VALUES (20, 50);
INSERT INTO chercheur_assiste  VALUES (21, 21);
INSERT INTO chercheur_assiste  VALUES (22, 8);
INSERT INTO chercheur_assiste  VALUES (23, 2);
INSERT INTO chercheur_assiste  VALUES (24, 54);
INSERT INTO chercheur_assiste  VALUES (25, 43);
INSERT INTO chercheur_assiste  VALUES (26, 36);
INSERT INTO chercheur_assiste  VALUES (27, 38);
INSERT INTO chercheur_assiste  VALUES (28, 59);
INSERT INTO chercheur_assiste  VALUES (29, 39);
INSERT INTO chercheur_assiste  VALUES (30, 70);
INSERT INTO chercheur_assiste  VALUES (31, 51);
INSERT INTO chercheur_assiste  VALUES (32, 52);
INSERT INTO chercheur_assiste  VALUES (33, 53);
INSERT INTO chercheur_assiste  VALUES (34, 54);
INSERT INTO chercheur_assiste  VALUES (35, 18);
INSERT INTO chercheur_assiste  VALUES (36, 37);
INSERT INTO chercheur_assiste  VALUES (37, 58);
INSERT INTO chercheur_assiste  VALUES (38, 59);
INSERT INTO chercheur_assiste  VALUES (39, 60);
INSERT INTO chercheur_assiste  VALUES (40, 41);
INSERT INTO chercheur_assiste  VALUES (41, 51);
INSERT INTO chercheur_assiste  VALUES (42, 52);
INSERT INTO chercheur_assiste  VALUES (43, 35);




